ISO_A2,IUCNCount,OnlineRecords,AcademicStudies,InternetUsers
AW,1,0,0,102470
AF,6,0,0,7170891
AO,8,0,0,12034256
AI,0,0,0,NA
AX,0,0,0,NA
AL,5,0,0,2071012
AD,5,0,0,67625
AE,1,0,0,9287286
AR,1,0,0,38505807
AM,4,0,0,2146572
AS,3,0,5,0
TF,0,0,0,NA
AG,0,0,0,66120
AU,9,69,11,23000366
AT,3,0,0,7796929
AZ,4,0,0,8701069
BI,5,0,0,1148701
BE,2,0,0,10582024
BJ,8,1,1,3261925
BF,8,1,1,4734979
BD,11,5,6,41520393
BG,5,0,0,4896594
BH,0,1,0,1472602
BS,0,0,0,353636
BA,5,0,0,2429408
BL,0,0,0,NA
BY,1,0,0,8197353
BZ,0,0,1,197664
BM,0,0,0,62263
BO,1,1,12,7154552
BR,4,0,5,173419624
BB,0,0,0,228275
BN,10,0,0,419649
BT,8,0,0,413294
BW,3,0,0,1629699
CF,8,3,0,555674
CA,2,21,2,36740677
CH,5,0,0,8137569
CL,0,0,0,17042181
CN,22,10,13,1003218650
CI,11,7,2,9488671
CM,12,6,22,10013632
CD,14,12,17,12628031
CG,9,7,4,459518
CK,1,2,2,NA
CO,3,0,1,35544505
KM,1,0,5,64576
CV,0,0,0,375807
CR,1,1,2,4125648
CU,1,2,1,8362514
CW,1,0,0,116867
KY,0,0,0,51560
CY,6,2,2,1123710
CZ,4,0,0,8565759
DE,3,0,1,74840220
DJ,2,0,0,643196
DM,0,0,0,49028
DK,1,0,0,5624604
DO,0,0,0,8458745
DZ,4,1,0,27331100
EC,2,0,1,11362233
EG,1,2,0,77282687
ER,3,0,0,44463
EH,0,0,0,NA
ES,7,1,0,44145745
EE,1,0,0,1183985
ET,9,0,1,28125821
FI,0,0,0,5096511
FJ,5,11,5,633192
FK,0,0,0,NA
FR,9,2,1,54679086
FO,0,0,0,49044
FM,4,1,16,38990
GA,9,2,1,1421401
GB,0,12,4,63584584
GE,5,0,0,2731476
GG,0,0,0,NA
GH,11,24,45,18664633
GN,15,3,11,3433341
GM,6,0,0,939512
GW,6,0,0,461627
GQ,9,0,3,380664
GR,5,0,0,8211719
GD,0,1,0,70369
GL,0,0,0,38876
GT,2,0,0,8676149
GU,2,6,5,135748
GY,1,0,0,284895
HK,5,1,0,6931868
HM,0,0,0,NA
HN,2,0,0,4256201
HR,6,0,0,3208708
HT,0,0,0,3900847
HU,5,0,0,8265671
ID,43,259,170,146059763
IM,0,0,0,NA
IN,22,61,32,600446441
IO,0,0,0,NA
IE,0,1,0,4550428
IR,6,1,0,73420540
IQ,5,0,0,24938114
IS,0,0,0,363015
IL,5,1,2,7892890
IT,5,0,0,41938046
JM,0,0,0,1918084
JE,0,0,0,NA
JO,5,0,1,6913970
JP,3,6,2,112995146
KZ,3,0,0,16311260
KE,10,6,1,15335805
KG,2,0,0,3225058
KH,12,21,42,5208343
KI,0,0,0,48060
KN,0,0,0,38588
KR,1,0,0,50032746
KW,0,0,0,4321463
LA,16,19,48,2473956
LB,6,1,0,4762519
LR,12,6,1,1302423
LY,1,0,0,1082963
LC,0,0,0,95538
LI,2,0,0,37744
LK,7,2,0,7600277
LS,2,0,0,969265
LT,1,0,0,2342390
LU,2,0,0,622978
LV,1,1,0,1686484
MO,3,0,0,595809
MF,0,0,0,NA
MA,4,0,0,30862724
MC,5,0,0,35977
MD,3,0,0,2421152
MG,6,9,112,4026982
MV,1,2,1,323744
MX,7,0,3,90678697
MH,0,0,0,18268
MK,5,0,0,1718534
ML,6,2,1,5815387
MT,0,3,1,447639
MM,19,4,1,18751542
ME,5,0,0,488204
MN,1,0,0,2058963
MP,2,12,9,0
MZ,6,0,0,5144410
MR,1,0,0,1835431
MS,0,0,0,NA
MU,1,12,5,842096
MW,7,6,1,1867867
MY,17,35,38,29732254
NA,3,0,0,1020531
NC,6,6,4,233190
NE,3,0,1,2222553
NF,0,0,0,NA
NG,13,46,26,73956230
NI,1,0,0,3053667
NU,1,4,3,NA
NL,3,0,0,15923567
NO,0,0,1,5218441
NP,10,8,3,11064432
NR,0,0,0,7304
NZ,0,1,0,4630934
OM,1,0,0,4326686
PK,8,10,5,56799184
PA,1,0,0,2759146
PN,0,0,0,NA
PE,3,2,4,21731361
PH,26,71,36,55871109
PW,1,41,4,5374
PG,27,6,2,1021696
PL,4,0,0,31966596
PR,0,0,0,2559774
KP,1,0,0,0
PT,6,0,0,8059531
PY,1,0,0,4895026
PS,5,0,0,NA
PF,0,1,0,214808
QA,0,0,0,2750807
RO,6,0,0,15253305
RU,6,0,0,123766963
RW,6,1,0,3483787
SA,3,2,1,35226770
SD,5,0,0,12621097
SN,8,2,0,7001787
SG,6,8,0,5437341
GS,0,0,0,NA
SH,0,0,0,NA
SB,21,1,26,76749
SL,11,2,2,1482115
SV,2,0,0,3435919
SM,4,0,0,20511
SO,1,2,0,297886
PM,0,0,0,NA
RS,6,0,0,5766328
SS,9,1,0,689405
ST,1,0,9,72154
SR,1,0,1,425312
SK,5,0,0,4906697
SI,5,0,0,1833911
SE,1,0,0,9802763
SZ,2,0,0,348873
SX,0,0,0,NA
SC,0,45,2,83381
SY,7,0,0,7432437
TC,0,0,0,0
TD,5,0,0,1731049
TG,10,1,1,2026220
TH,22,26,53,55639332
TJ,2,0,0,1960046
TM,4,0,0,1268342
TL,9,0,0,378299
TO,2,0,3,43489
TT,1,0,7,1043903
TN,3,0,0,8744277
TR,7,0,0,65347988
TW,4,0,0,NA
TZ,9,1,5,13574994
UG,11,5,10,8836517
UA,3,1,0,32948894
UY,0,1,0,2952444
US,7,56,45,305371298
UZ,3,0,0,23837456
VA,5,0,0,NA
VC,0,0,0,58966
VE,5,0,1,18827072
VG,0,0,0,23377
VI,0,0,2,65575
VN,22,20,7,67944025
VU,7,29,5,74652
WF,1,0,0,NA
WS,3,7,3,69790
YE,3,0,0,8024694
ZA,5,0,0,41161350
ZM,9,3,1,3747688
ZW,5,1,0,4591211
